[
    {
        "tsName": "factivatecrusinglectn","thread":"2",
        "tsTCLink": [
            {
                "tcName": "eactivationssinglectncru",
                "exeplatform":"chrome",
                "exetype":"web",
                "runon":"localhost",
                "thread":""
            },
            {
                "tcName": "dactivation_cru_e2eflow",
                "exeplatform":"firefox",
                "exetype":"web",
                "runon":"localhost",
                "thread":""
            },
            {
                "tcName": "ctesting_runscript_affected2",
                "exeplatform":"chrome",
                "exetype":"web",
                "runon":"localhost",
                "thread":""
            }
        ]
    },
    {
        "tsName": "bactivations_singlelineflow","thread":"4",
        "tsTCLink": [
            {
                "tcName": "activations_b2c_upgrade_singlectn_flow",
                "exeplatform":"ie",
                "exetype":"web",
                "runon":"localhost",
                "thread":""
            }
        ]
    }
]