[
			{	
				"id":1,
				"tsName": "factivatecrusinglectn",
				"exeplatform":"chrome,ie",
                "exetype":"web",
                "runon":"localhost",
				"thread":"2"
			},
            {	
				"id":11,
                "tsName": "eactivationssinglectncru",
                "exeplatform":"chrome,ie",
                "exetype":"web",
                "runon":"localhost",
                "thread":"",
				"_parentId":1
            },
            {
				"id":12,
                "tsName": "dactivation_cru_e2eflow",
                "exeplatform":"",
                "exetype":"web",
                "runon":"localhost",
                "thread":"",
				"_parentId":1
            },
            {	
				"id":13,
                "tsName": "ctesting_runscript_affected2",
                "exeplatform":"chrome",
                "exetype":"web",
                "runon":"localhost",
                "thread":"",
				"_parentId":1
            },
			{
				"id":2,
				"tsName": "bactivations_singlelineflow",
				"exeplatform":"chrome,ie",
                "exetype":"web",
                "runon":"localhost",
				"thread":"2",
				"_parentId":1
			},
            {	
				"id":21,
                "tsName": "activations_b2c_upgrade_singlectn_flow",
                "exeplatform":"ie",
                "exetype":"web",
                "runon":"localhost",
                "thread":"",
				"_parentId":2
            }
    

]