[
    {
        "id":1,"tsName": "activatecrusinglectn",
        "tsTCLink": [
            {
                "tcName": "activationssinglectncru",
                "exeplatform":"chrome",
                "exetype":"web",
                "runon":"localhost",
                "thread":"2",
		"id":11
            },
            {
                "tcName": "activation_cru_e2eflow",
                "exeplatform":"",
                "exetype":"web",
                "runon":"localhost",
                "thread":"3",
		"id":12
                
            },
            {
                "tcName": "testing_runscript_affected2",
                "exeplatform":"chrome",
                "exetype":"web",
                "runon":"localhost",
                "thread":"1",
		"id":13
                
            }
        ]
    },
    {
        "id":2,"tsName": "activations_singlelineflow",
        "tsTCLink": [
            {
                "tcName": "activations_b2c_upgrade_singlectn_flow",
                "exeplatform":"ie",
                "exetype":"web",
                "runon":"localhost",
                "thread":"4",
		"id":21
                
            }
        ]
    }
]