[
    {
        "id":"1","tcName": "aanewsuite","exeplatform":"chrome","exetype":"localhost","thread":"2",
        "children": [
            {
                "id":"11","tcName": "aaacheckcool2","exeplatform":"chrome","exetype":"localhost","thread":"2"
            },
            {
                "id":"12","tcName": "aaacheckcool2","exeplatform":"","exetype":"localhost","thread":"3"
            },
            {
                "id":"13","tcName": "aaacheckcopyupdate","exeplatform":"chrome","exetype":"localhost","thread":"1"
            },
            {
                "id":"14","tcName": "aaanew","exeplatform":"ie","exetype":"localhost","thread":"4"
            }
        ]
    },
    {
        "id":"2","tcName": "activatecrusinglectn","exeplatform":"chrome","exetype":"localhost","thread":"2",
        "children": [
            {
                "id":"21","tcName": "activationssinglectncru","exeplatform":"chrome","exetype":"localhost","thread":"1"
            },
            {
                "id":"22","tcName": "activation_cru_e2eflow","exeplatform":"ie","exetype":"localhost","thread":"2"
            },
            {
                "id":"23","tcName": "testing_runscript_affected2","exeplatform":"chrome","exetype":"localhost","thread":"3"
            },
            {
                "id":"24","tcName": "aaach2","exeplatform":"ie","exetype":"localhost","thread":"4"
            },
            {
                "id":"25","tcName": "aaacheckcopyupdate","exeplatform":"chrome","exetype":"localhost","thread":"5"
            },
            {
                "id":"26","tcName": "aaachh","exeplatform":"ie","exetype":"localhost","thread":"4"
            },
            {
                "id":"27","tcName": "aaacopychecklarge","exeplatform":"ie","exetype":"localhost","thread":"2"
            }
        ]
    },
    {
        "id":"3","tcName": "activatecrusinglectn_copy","exeplatform":"chrome","exetype":"localhost","thread":"2",
        "children": [
            {
                "id":"31","tcName": "activationssinglectncru","exeplatform":"chrome","exetype":"localhost","thread":"1"
            },
            {
                "id":"32","tcName": "activation_cru_e2eflow","exeplatform":"chrome","exetype":"localhost","thread":"2"
            },
            {
                "id":"33","tcName": "testing_runscript_affected2","exeplatform":"ie","exetype":"localhost","thread":"3"
            }
        ]
    }    
]