[
    {
        "Name": "aanewsuite","exeplatform": "","exetype": "","runon":"","thread": "",
        "children": [
            {
                "Name": "aaacheckcool2","exeplatform":"chrome","exetype":"web","runon":"localhost","thread":"2"
            },
            {
                "Name": "aaacheckcool2","exeplatform":"","exetype":"web","runon":"localhost","thread":"3"
            },
            {
                "Name": "aaacheckcopyupdate","exeplatform":"chrome","exetype":"web","runon":"localhost","thread":"1"
            },
            {
                "Name": "aaanew","exeplatform":"ie","exetype":"web","runon":"localhost","thread":"4"
            }
        ]
    },
    {
        "tcName": "activatecrusinglectn","exeplatform":"","exetype":"","runon":"","thread":"",
        "children": [
            {
                "Name": "activationssinglectncru","exeplatform":"chrome","exetype":"web","runon":"localhost","thread":"1"
            },
            {
                "Name": "activation_cru_e2eflow","exeplatform":"ie","exetype":"web","runon":"localhost","thread":"2"
            },
            {
                "Name": "testing_runscript_affected2","exeplatform":"chrome","exetype":"web","runon":"localhost","thread":"3"
            },
            {
                "Name": "aaach2","exeplatform":"ie","exetype":"web","runon":"localhost","thread":"4"
            },
            {
                "Name": "aaacheckcopyupdate","exeplatform":"chrome","exetype":"web","runon":"localhost","thread":"5"
            },
            {
                "Name": "aaachh","exeplatform":"ie","exetype":"web","runon":"localhost","thread":"4"
            },
            {
                "Name": "aaacopychecklarge","exeplatform":"ie","exetype":"web","runon":"localhost","thread":"2"
            }
        ]
    },
    {
        "tcName": "activatecrusinglectn_copy","exeplatform":"","exetype":"","runon":"","thread":"",
        "children": [
            {
                "Name": "activationssinglectncru","exeplatform":"chrome","exetype":"web","runon":"localhost","thread":"1"
            },
            {
                "Name": "activation_cru_e2eflow","exeplatform":"chrome","exetype":"web","runon":"localhost","thread":"2"
            },
            {
                "Name": "testing_runscript_affected2","exeplatform":"ie","exetype":"web","runon":"localhost","thread":"3"
            }
        ]
    }    
]